[{"elements":[],"id":"fb03e712-2aea-4e3f-8015-50258271d9b6","file_name":"Flag_colors.jpg","title":null,"size":104135,"type":"image/jpeg","url":"https://assets-eu-01.kc-usercontent.com/02a32acf-f064-0121-37a5-f45d0877ffaf/6f7fbdfc-6ff5-49a9-b1c7-1f74838aacf2/Flag_colors.jpg","image_width":800,"image_height":532,"file_reference":{"id":"6f7fbdfc-6ff5-49a9-b1c7-1f74838aacf2","type":"internal"},"descriptions":[{"language":{"id":"00000000-0000-0000-0000-000000000000"},"description":null}],"last_modified":"2022-05-30T15:56:35.5026241Z"},{"elements":[],"id":"94e1f8cd-72cf-4ae8-b631-3b5edbb462fc","file_name":"tunnel-of-love.JPG","title":null,"size":1107611,"type":"image/jpeg","url":"https://assets-eu-01.kc-usercontent.com/02a32acf-f064-0121-37a5-f45d0877ffaf/8e16e05e-2290-43ed-8703-5032b262bb0a/tunnel-of-love.JPG","image_width":1920,"image_height":1440,"file_reference":{"id":"8e16e05e-2290-43ed-8703-5032b262bb0a","type":"internal"},"descriptions":[{"language":{"id":"00000000-0000-0000-0000-000000000000"},"description":null}],"last_modified":"2022-05-30T15:56:36.2097558Z"},{"elements":[],"id":"2fce3735-e02b-4b61-a23f-e9a738948448","file_name":"hawkseyerock.webp","title":null,"size":306884,"type":"image/webp","url":"https://assets-eu-01.kc-usercontent.com/02a32acf-f064-0121-37a5-f45d0877ffaf/fcde374b-fed9-4cb6-ad2e-7f5e004ca7fa/hawkseyerock.webp","image_width":1440,"image_height":807,"file_reference":{"id":"fcde374b-fed9-4cb6-ad2e-7f5e004ca7fa","type":"internal"},"descriptions":[{"language":{"id":"00000000-0000-0000-0000-000000000000"},"description":null}],"last_modified":"2022-05-30T15:56:36.5591109Z"}]