[{"id":"884f8e0c-931d-5399-8ea2-65a5203232c2","codename":"landing_page","last_modified":"2022-05-30T15:56:35.2171003Z","external_id":"d82126c2-35a9-49c8-917e-136f1c9f0c56","name":"Landing page","content_groups":[],"elements":[{"maximum_text_length":null,"validation_regex":null,"default":null,"name":"Title","guidelines":null,"is_required":true,"type":"text","external_id":"bc4cc347-f300-467b-b3ea-56f2297e4f20","id":"a31d601f-cc0f-5f81-9459-2654b1e1bc7e","codename":"title","is_non_localizable":false},{"maximum_text_length":null,"maximum_image_size":null,"allowed_content_types":[{"id":"dd93a408-280a-5dd3-bee1-a720dd6b2963"},{"id":"7c6665ac-7c99-5e07-86db-a14a70f45959"},{"id":"6a56c8ff-d5b2-5914-a62b-c7b2888e1528"}],"allowed_item_link_types":[],"image_width_limit":null,"image_height_limit":null,"allowed_image_types":"any","allowed_blocks":["text","components-and-items"],"allowed_formatting":[],"allowed_text_blocks":[],"allowed_table_blocks":[],"allowed_table_formatting":[],"allowed_table_text_blocks":[],"name":"Content","guidelines":null,"is_required":false,"type":"rich_text","external_id":"7227f38d-5502-45aa-a6af-f269700a68bf","id":"32752be3-d612-57d6-98d3-4915696ea782","codename":"content","is_non_localizable":false},{"depends_on":{"element":{"id":"a31d601f-cc0f-5f81-9459-2654b1e1bc7e"}},"validation_regex":null,"name":"URL slug","guidelines":null,"is_required":true,"type":"url_slug","external_id":"1be03ec0-a8ef-4d4c-b256-6daabcb9ee06","id":"c006f33b-10b4-5ecf-a172-75efaee0380f","codename":"url_slug","is_non_localizable":false}]},{"id":"7c6665ac-7c99-5e07-86db-a14a70f45959","codename":"_component__hero","last_modified":"2022-05-30T15:56:35.0160676Z","external_id":"ea209a92-1380-42b4-a35d-4f144598230c","name":"[Component] Hero","content_groups":[],"elements":[{"maximum_text_length":null,"validation_regex":null,"default":null,"name":"Headline","guidelines":null,"is_required":true,"type":"text","external_id":"9e40e8e4-09d3-4f36-b7a0-82ab164b4eac","id":"a2113463-9431-53c9-bbe8-ee302964c77d","codename":"headline","is_non_localizable":false},{"maximum_text_length":null,"validation_regex":null,"default":null,"name":"Subheadline","guidelines":null,"is_required":true,"type":"text","external_id":"bf918056-8ed0-4091-9f06-291eeb992be1","id":"f34d0f65-f215-5f5a-90de-f32b7d4c5bf5","codename":"subheadline","is_non_localizable":false},{"maximum_text_length":null,"validation_regex":null,"default":null,"name":"CTA text","guidelines":null,"is_required":true,"type":"text","external_id":"7c4dee35-1075-48c4-b6bd-fba9170e3ea2","id":"9adad599-98c1-573a-8a26-5817c286894b","codename":"cta_text","is_non_localizable":false},{"maximum_text_length":null,"validation_regex":{"regex":"^(https?:\\/\\/(?:www\\.|(?!www)))?[a-z0-9]+([\\-\\.]{1}[a-z0-9]+)*\\.[a-z]{2,5}(:[0-9]{1,5})?(\\/\\S*)?$","flags":null,"validation_message":"Type a valid web URL, such as https://example.org","is_active":true},"default":null,"name":"CTA link","guidelines":null,"is_required":true,"type":"text","external_id":"2417a0ec-4afd-4b22-82f6-edf479d6d83c","id":"8c7e7433-1fc0-588c-b8ee-95c4e71f0f73","codename":"cta_link","is_non_localizable":false},{"asset_count_limit":{"value":1,"condition":"exactly"},"maximum_file_size":null,"allowed_file_types":"any","image_width_limit":null,"image_height_limit":null,"name":"Image","guidelines":null,"is_required":true,"type":"asset","external_id":"b7e982f5-1111-41dd-b36a-42f2999efed2","id":"3746080b-a0a2-526b-8e42-572bb261956a","codename":"image","is_non_localizable":false}]},{"id":"dd93a408-280a-5dd3-bee1-a720dd6b2963","codename":"_component__cta","last_modified":"2022-05-30T15:56:35.0860873Z","external_id":"4b7484c3-c380-4f41-b607-86093b6c54c6","name":"[Component] CTA","content_groups":[],"elements":[{"maximum_text_length":null,"validation_regex":null,"default":null,"name":"Headline","guidelines":null,"is_required":true,"type":"text","external_id":"7f501c35-f4ed-478f-897e-0a0205b2161f","id":"1dee8642-2cec-5fcc-a1d5-b8080a06e792","codename":"headline","is_non_localizable":false},{"maximum_text_length":null,"validation_regex":null,"default":null,"name":"Subheadline","guidelines":null,"is_required":true,"type":"text","external_id":"d3cfed29-a45c-4852-9177-97eb36238f83","id":"9412c320-7266-5ef1-99fa-13b657f53fdd","codename":"subheadline","is_non_localizable":false},{"maximum_text_length":null,"validation_regex":null,"default":null,"name":"Button text","guidelines":null,"is_required":true,"type":"text","external_id":"8f242c71-64d6-40aa-b180-8634f5755508","id":"2652896b-bb07-57de-90f5-717b0a295bbc","codename":"button_text","is_non_localizable":false},{"maximum_text_length":null,"validation_regex":{"regex":"^(https?:\\/\\/(?:www\\.|(?!www)))?[a-z0-9]+([\\-\\.]{1}[a-z0-9]+)*\\.[a-z]{2,5}(:[0-9]{1,5})?(\\/\\S*)?$","flags":null,"validation_message":"Type a valid web URL, such as https://example.org","is_active":true},"default":null,"name":"Button link","guidelines":null,"is_required":true,"type":"text","external_id":"055c73c3-c0ed-486a-b191-4e06ad786ebc","id":"cfea8c1d-2680-5371-a5d6-112d0c68579b","codename":"button_link","is_non_localizable":false}]},{"id":"6a56c8ff-d5b2-5914-a62b-c7b2888e1528","codename":"_component__text_with_image","last_modified":"2022-05-30T15:56:35.1573613Z","external_id":"b2f9420e-cb0d-4a1c-8aba-c96d70ddda9c","name":"[Component] Text with image","content_groups":[],"elements":[{"maximum_text_length":null,"validation_regex":null,"default":null,"name":"Headline","guidelines":null,"is_required":true,"type":"text","external_id":"be01186e-aeb0-4b2f-ae0b-4c5e5c5ebb62","id":"2300dc5f-a036-55d3-9181-6cd3f47351d0","codename":"headline","is_non_localizable":false},{"maximum_text_length":null,"maximum_image_size":null,"allowed_content_types":[],"allowed_item_link_types":[],"image_width_limit":null,"image_height_limit":null,"allowed_image_types":"any","allowed_blocks":["text"],"allowed_formatting":[],"allowed_text_blocks":[],"allowed_table_blocks":[],"allowed_table_formatting":[],"allowed_table_text_blocks":[],"name":"Text","guidelines":null,"is_required":true,"type":"rich_text","external_id":"6d708135-b619-4682-b006-3fd0d4b2f577","id":"8ee25efe-4cc4-5dd7-9140-c08520d25bfe","codename":"text","is_non_localizable":false},{"asset_count_limit":{"value":1,"condition":"exactly"},"maximum_file_size":null,"allowed_file_types":"any","image_width_limit":null,"image_height_limit":null,"name":"Image","guidelines":null,"is_required":false,"type":"asset","external_id":"7d87b5b5-e3ea-4f0d-aad9-965d31ec7527","id":"61bf9ec3-e1cd-538f-a70e-42439316772b","codename":"image","is_non_localizable":false}]}]