[{"id":"4e727489-0d92-4ee4-babf-ff38c5adc273","name":"Marketer's landing page","codename":"marketer_s_landing_page","type":{"id":"884f8e0c-931d-5399-8ea2-65a5203232c2"},"collection":{"id":"00000000-0000-0000-0000-000000000000"},"sitemap_locations":[],"last_modified":"2022-05-30T15:56:36.6661488Z"},{"id":"5a171572-198d-465b-a80c-b87e8f640369","name":"[CTA] Visit Ukraine's travel website","codename":"untitled_content_item","type":{"id":"dd93a408-280a-5dd3-bee1-a720dd6b2963"},"collection":{"id":"00000000-0000-0000-0000-000000000000"},"sitemap_locations":[],"last_modified":"2022-05-30T15:56:36.7487137Z"},{"id":"59f8539f-bea8-4747-881a-76e0205648c8","name":"Hawk's eye rock","codename":"hawk_s_eye_rock","type":{"id":"884f8e0c-931d-5399-8ea2-65a5203232c2"},"collection":{"id":"00000000-0000-0000-0000-000000000000"},"sitemap_locations":[],"last_modified":"2022-05-30T15:56:36.8381012Z"}]