[{"elements":[{"element":{"id":"a31d601f-cc0f-5f81-9459-2654b1e1bc7e"},"value":"Marketer's Landing Page"},{"components":[{"id":"da421cff-c17b-4621-86d1-1f7b70870dca","type":{"id":"7c6665ac-7c99-5e07-86db-a14a70f45959"},"elements":[{"element":{"id":"a2113463-9431-53c9-bbe8-ee302964c77d"},"value":"Wonderful country with beautiful nature"},{"element":{"id":"f34d0f65-f215-5f5a-90de-f32b7d4c5bf5"},"value":"Ukraine's national colors refer to its golden fields and blue sky"},{"element":{"id":"9adad599-98c1-573a-8a26-5817c286894b"},"value":"Show me more"},{"element":{"id":"8c7e7433-1fc0-588c-b8ee-95c4e71f0f73"},"value":"https://www.google.com/search?q=ukraine+nature"},{"element":{"id":"3746080b-a0a2-526b-8e42-572bb261956a"},"value":[{"renditions":[],"id":"fb03e712-2aea-4e3f-8015-50258271d9b6"}]}]},{"id":"59a9a606-e116-47c7-8d0f-17e760f7f10c","type":{"id":"6a56c8ff-d5b2-5914-a62b-c7b2888e1528"},"elements":[{"element":{"id":"2300dc5f-a036-55d3-9181-6cd3f47351d0"},"value":"The tunnel of love"},{"components":[],"element":{"id":"8ee25efe-4cc4-5dd7-9140-c08520d25bfe"},"value":"<p>The Tunnel of Love is a section of industrial railway located near Klevan, Ukraine, that links it with Orzhiv. It is a railway surrounded by green arches and is three to five kilometers in length. It is known for being a favorite place for couples to take walks.</p>\n<p>Make sure to also check out Hawk's Eye Rock.</p>"},{"element":{"id":"61bf9ec3-e1cd-538f-a70e-42439316772b"},"value":[{"renditions":[],"id":"94e1f8cd-72cf-4ae8-b631-3b5edbb462fc"}]}]}],"element":{"id":"32752be3-d612-57d6-98d3-4915696ea782"},"value":"<object type=\"application/kenticocloud\" data-type=\"component\" data-id=\"da421cff-c17b-4621-86d1-1f7b70870dca\"></object>\n<object type=\"application/kenticocloud\" data-type=\"component\" data-id=\"59a9a606-e116-47c7-8d0f-17e760f7f10c\"></object>\n<object type=\"application/kenticocloud\" data-type=\"item\" data-id=\"5a171572-198d-465b-a80c-b87e8f640369\"></object>"},{"mode":"autogenerated","element":{"id":"c006f33b-10b4-5ecf-a172-75efaee0380f"},"value":"marketer-s-landing-page"}],"workflow_step":{"id":"eee6db3b-545a-4785-8e86-e3772c8756f9"},"workflow":{"workflow_identifier":{"id":"00000000-0000-0000-0000-000000000000"},"step_identifier":{"id":"eee6db3b-545a-4785-8e86-e3772c8756f9"}},"item":{"id":"4e727489-0d92-4ee4-babf-ff38c5adc273"},"language":{"id":"00000000-0000-0000-0000-000000000000"},"last_modified":"2022-05-30T15:56:37.0306793Z"},{"elements":[{"element":{"id":"1dee8642-2cec-5fcc-a1d5-b8080a06e792"},"value":"Check out Ukraine's nature"},{"element":{"id":"9412c320-7266-5ef1-99fa-13b657f53fdd"},"value":"Help Ukraine preserve its nature wonders"},{"element":{"id":"2652896b-bb07-57de-90f5-717b0a295bbc"},"value":"Take me there"},{"element":{"id":"cfea8c1d-2680-5371-a5d6-112d0c68579b"},"value":"https://ukraine.ua/visit/discover-natural-wonders/"}],"workflow_step":{"id":"eee6db3b-545a-4785-8e86-e3772c8756f9"},"workflow":{"workflow_identifier":{"id":"00000000-0000-0000-0000-000000000000"},"step_identifier":{"id":"eee6db3b-545a-4785-8e86-e3772c8756f9"}},"item":{"id":"5a171572-198d-465b-a80c-b87e8f640369"},"language":{"id":"00000000-0000-0000-0000-000000000000"},"last_modified":"2022-05-30T15:56:37.4294356Z"},{"elements":[{"element":{"id":"a31d601f-cc0f-5f81-9459-2654b1e1bc7e"},"value":"Hawk's Eye Rock"},{"components":[{"id":"c37a1f68-2f71-4b26-9f71-08dfcf7aab2c","type":{"id":"7c6665ac-7c99-5e07-86db-a14a70f45959"},"elements":[{"element":{"id":"a2113463-9431-53c9-bbe8-ee302964c77d"},"value":"Hawk's Eye Rock"},{"element":{"id":"f34d0f65-f215-5f5a-90de-f32b7d4c5bf5"},"value":"Shaped in a form of an arch and resembling an eye"},{"element":{"id":"9adad599-98c1-573a-8a26-5817c286894b"},"value":"Show me more"},{"element":{"id":"8c7e7433-1fc0-588c-b8ee-95c4e71f0f73"},"value":"https://theculturetrip.com/europe/ukraine/articles/11-ways-to-explore-the-ukrainian-wilderness/"},{"element":{"id":"3746080b-a0a2-526b-8e42-572bb261956a"},"value":[{"renditions":[],"id":"2fce3735-e02b-4b61-a23f-e9a738948448"}]}]}],"element":{"id":"32752be3-d612-57d6-98d3-4915696ea782"},"value":"<object type=\"application/kenticocloud\" data-type=\"component\" data-id=\"c37a1f68-2f71-4b26-9f71-08dfcf7aab2c\"></object>\n<object type=\"application/kenticocloud\" data-type=\"item\" data-id=\"5a171572-198d-465b-a80c-b87e8f640369\"></object>"},{"mode":"autogenerated","element":{"id":"c006f33b-10b4-5ecf-a172-75efaee0380f"},"value":"hawk-s-eye-rock"}],"workflow_step":{"id":"eee6db3b-545a-4785-8e86-e3772c8756f9"},"workflow":{"workflow_identifier":{"id":"00000000-0000-0000-0000-000000000000"},"step_identifier":{"id":"eee6db3b-545a-4785-8e86-e3772c8756f9"}},"item":{"id":"59f8539f-bea8-4747-881a-76e0205648c8"},"language":{"id":"00000000-0000-0000-0000-000000000000"},"last_modified":"2022-05-30T15:56:38.1900226Z"}]